id,name,scientific_name,description,image_url,location,funder
1,Anglerfish,Lophiiformes ,"Deep-sea ambusher, glowing lure dangling, slowly drifting, waiting for unsuspecting prey, massive mouth snaps, eerie presence, ghostly, rare, alien-like hunter of darkness.",anglerfish.png,DEEP,
2,Argus Wrasse,Halichoeres argus,"Bright spots across elongated body, darting among rubble and corals, snatching small crustaceans, agile, curious, alert, playful wrasse with subtle patterns.",UNDEFINED,GBR,
3,Aussie Angelshark,Squatina australis,"Buries in sand, raylike fins spread, upward-facing eyes scanning, ambushing fish and squid along southern Australia’s continental shelves.",angelshark.png,GSR,
4,Aussie Fur Seal,Arctocephalus pusillus doriferus,"Playful underwater acrobat, hunting fish, resting on rocky outcrops, bold, curious, agile, social interactions, noisy and charming pinniped of Southern coasts.",UNDEFINED,GSR,
5,Aussie Sea Lion,Neophoca cinerea,"Playful underwater, foraging benthic prey, resting on remote islands, unique 18-month breeding cycle across southern Australian waters.",aussiesealion.png,GSR,
6,Aussie Snubfin Dolphin,Orcaella heinsohni,"Small, pinkish face, coastal tropical pods, curious, playful, photogenic, social, subtle estuary and nearshore hunter, charming reef companion.",UNDEFINED,OPEN,
7,Australian Gregory,Stegastes apicalis,"Bold, territorial damselfish, bright blue-grey, guards coral patches fiercely, nibbles algae, photogenic, reef gardener and tiny underwater bodyguard, classic Aussie reef personality.",australiangregory.png,GBR,
8,Banded Archerfish,Toxotes jaculatrix,"Shoots precise water jets at insects, hovering near surface, agile, alert, schooling in mangroves or estuaries, clever, small predator with perfect aim.",UNDEFINED,MANG,
9,Banded Morwong,Chirodactylus spectabilis,Feeds on small urchins which may play a role in controlling numbers,UNDEFINED,GSR,
10,Banded Snake Eel,Myrichthys colubrinus,"Slender, banded, burrowing sandy predator, peeking, ambushing crustaceans, subtle undulations, shy, cryptic, reef’s hidden stealth hunter, elegant and secretive.",UNDEFINED,OPEN,
11,Barnacle,Chthalamus antennatus,"Clings to rocky intertidal zones, small grey-brown shell plates, filter-feeding plankton from waves, tough against crashing surf and drying sun, often in dense clusters.",barnacle.png,ROCK,
12,Barreleye,Opisthoproctus soleatus,"Transparent dome head, tubular eyes rotating, scanning silhouettes above, delicately stealing drifting siphonophore prey in perpetual twilight zones.",barreleye.png,DEEP,
13,Bicolor Chromis,Pycnochromis margeritifer,"Hovering above branching corals, bright bicolour body, feeding on plankton, retreating quickly, shoaling tightly with strong site fidelity.",bicolorchromis.png,GBR,
14,Big Bellied Seahorse,Hippocampus abdominalis,"Males brood eggs in oversized pouch, gripping seagrass and kelp with prehensile tails, slow-moving yet resilient along temperate coasts.",bigbelliedseahorse.png,GSR,
15,Bigfin Squid,Magnapinna,"Long, delicate arms and huge fins, drifting silently in deep-sea darkness, tentacles trailing mysteriously, rarely seen, enigmatic movements hinting at unknown feeding strategies.",bigfinsquid.png,DEEP,
16,Birdnose Wrasse female,Gomphosus varius,"Elongated snout probing sand and coral crevices, females green, males blue, darting swiftly across lagoons and reef slopes.",birdnosefemale.png,GBR,
17,Birdnose Wrasse male,Gomphosus varius,"Elongated snout probing sand and coral crevices, females green, males blue, darting swiftly across lagoons and reef slopes.",UNDEFINED,GBR,
18,Birdwire Rockcod,Epinephelus merra,"Tiny and mottled, weaving among coral branches, ambushing small fish, darting quickly into crevices, rarely leaving familiar reef corners.",UNDEFINED,GBR,
19,Biscuit Star,Tosia Australis,"Flattened and soft, rolling slowly over sandy seafloor, scavenging detritus, often forming small clusters, blending with muted reef tones.",biscuitstar.png,ROCK,
20,Black Backed Butterflyfish,Chaetodon melannotus,"Striking pattern, feeding on coral polyps, gliding gracefully along reef walls, pairing closely with mates, agile among branching corals.",UNDEFINED,GBR,
21,Black Barred Wrasse,Thalassoma nigrofasciatum,"Boldly striped, darting around reef edges, snatching crustaceans, rapidly changing colours with mood, schooling in shallow lagoons.",UNDEFINED,GBR,
22,Black Dogfish Shark,Centroscyllium fabricii ,"Small dark body, bioluminescent organs, slow-moving along continental slopes, feeding on squid and benthic fish in cold waters",blackdogfishshark.png,DEEP,
23,Black Marlin,Istiompax indica,"Jet-speed predator, dark metallic back, leaps and smashes prey, tropical offshore hunter, photogenic, ocean’s missile with fins like knives.",UNDEFINED,OPEN,
24,Black Tip Reef Shark,Carcharhinus melanopterus,"Fins tipped with black, patrolling shallow lagoons and reef slopes, hunting small fish, social yet wary, resting near sandy bottoms.",UNDEFINED,GBR,
25,Blackback Anenomefish,Amphiprion melanopus,"Lives among stinging anemones, defending territory fiercely, protandrous sex-change, flashes of bright orange contrasting against reef crevices, bold and territorial.",UNDEFINED,GBR,
26,Blackspotted Puffer,Arothron nigropunctatus,"Inflates body when threatened, bold black spots, slow-moving reef omnivore, photogenic, reef’s playful armored joker.",UNDEFINED,GBR,
27,Blackthroated Threefin,Helcogramma decurrens ,"Tiny, darting over reef rocks, black throat markings flashing, hovering near crevices, feeding on small invertebrates, curious yet skittish.",blackthroatedthreefin.png,GSR,
28,Blobfish ,Psychrolutes marcidus ,"Jelly-like, drifting just above deep-sea floor, minimal movement, feeding opportunistically on invertebrates, soft body cushioning pressure in crushing depths.",blobfish.png,DEEP,
29,Blue and Yellow Fusilier,Caesio teres,"Sleek, schooling fish, shimmering cobalt and gold, slicing through midwater, feeding on plankton, coordinated flicks and sudden directional changes.",blueandyellowfusilier.png,GBR,
30,Blue Ascidians,Aplidium spp,"Stationary, colonial filter-feeders, bright blue clumps, pulsating siphons extracting plankton, blending into reef, forming intricate patterns across hard substrates.",UNDEFINED,GSR,
31,Blue Dragon Nudibranch,Glaucus atlanticus,"Tiny floating beauty, blue-white, predatory on venomous prey, photogenic, reef-floor or surface drift, subtle yet deadly.",UNDEFINED,THAI,
32,Blue Marlin,Makaira nigricans,"Massive oceanic hunter, cobalt-blue back, long pointed bill, leaps, chases schools of fish, photogenic, tropical pelagic showstopper.",UNDEFINED,OPEN,
33,Blue Ringed Octopus,Hapalochlaena maculosa,"Small, vivid blue rings flashing when threatened, hiding in crevices, venomous, ambush predator, arms curling with hypnotic precision.",blueringedoctopus.png,GSR,
34,Blue Sea Star,Linckia laevigata,"Bright blue, gliding slowly over sand, tiny tube feet moving, subtle undulations, striking colour, photogenic, gentle reef floor resident, small iconic star.",UNDEFINED,GBR,
35,Blue Shark,Prionace glauca,"Slender, pelagic predator, shimmering cobalt body, patrolling open ocean, hunting schooling fish, migratory yet graceful, constantly on the move.",UNDEFINED,OPEN,
36,Blue Soldier Crab,Mictyris longicarpus,"Tiny, electric-blue, marches in mass across sandy beaches, digs burrows, waving claws, mesmerizing swarms, perfect photogenic coastal spectacle, playful crustacean.",UNDEFINED,GBR,
37,Blue Spotted Jawfish,Opistognathus rosenblatti,"Small sand burrower, curious eyes poking out, photogenic, reef-floor sentinel, subtle tropical reef micro-predator.",UNDEFINED,THAI,
38,Blue Swimmer Crab,Portunus pelagicus,"Bright blue shell, long swimming legs, scuttling across sand and seagrass, scavenging opportunistically, flicking claws in defensive displays.",UNDEFINED,GSR,
39,Blue-green Puller,Blue-Green Puller,"Hovering above coral, neon turquoise, darting in synchronized shoals, feeding on plankton, small yet conspicuous, agile and constant.",bluegreenpuller.png,GBR,
40,Blue-spotted Maskray,Neotrygon kuhlii,"Bright blue spots, flattened body hugging sand, subtle undulations, ambushing small crustaceans, camouflaged, elegant stealth hunter of Southern reef flats.",UNDEFINED,GSR,
41,Blueface Angelfish,Pomacanthus xanthometopon,"Vivid blue face and patterned body, grazing on sponges and algae, drifting among reef edges, territorial but graceful, turning heads wherever.",UNDEFINED,GBR,
42,Bluelined Surgeonfish,Acanthurus lineatus,"Striking horizontal stripes, grazing algae on reef walls, swift and relentless, forming tight shoals, razor tail spines flashing when threatened.",bluelinedsurgeonfish.png,GBR,
43,Bluelined Wrasse,Stethojulis bandanensis,"Slim, neon blue stripes, reef shoaler, quick feeder on small invertebrates, photogenic, tiny flash of reef brilliance.",UNDEFINED,GBR,
44,Bluespine Unicornfish,Naso unicornis,"Elongated body, horn-like snout, grazing algae along reef slopes, slicing through water with smooth, coordinated shoaling, spiny fins flashing defensively.",UNDEFINED,GBR,
45,Bluespotted Goatfish,Upeneichthys lineatus ,"Long barbels probing sand, searching for invertebrates, red-spotted golden body wiggling, occasionally darting into crevices, rhythmic feeding movements across sandy patches.",bluespottedgoatfish.png,GSR,
46,Bluespotted Ribbontail Ray,Taeniura lymma,"Flat, turquoise-spotted body gliding over sandy reef floors, whip-like tail flicking defensively, ambushing small fish, curling into shallow crevices.",bluespottedribbontailray.png,GBR,
47,Bluestreak Cleaner Wrasse,Labroides dimidiatus,"Darting along reef, bright blue stripe signaling cleaning stations, nibbling parasites from fish, bold yet agile, forming trusted mutualistic partnerships.",UNDEFINED,GBR,
48,Bobtail Squid,Euprymna tasmanica,"Tiny, rounded mantle, burrowing into sand, bioluminescent camouflage glowing softly, quick tentacle strikes capturing tiny crustaceans under cover of darkness.",bobtailsquid.png,THAI,
49,Bottlenose Dolphin,Tursiops,"Playful, sleek, leaping along coastal waters, social pods communicating via clicks and whistles, cooperative hunters, curious about boats and swimmers.",bottlenosedolphin.png,OPEN,
50,Bronze Whaler Shark,Carcharhinus brachyurus,"Bronze-toned, cruising near reefs and shallow continental slopes, hunting schooling fish, strong and alert, occasionally breaching, wary yet commanding presence.",UNDEFINED,OPEN,
51,Brown Garden Eel,Heteroconger longissimus,"Clustered in sandy patches, swaying, half-buried, delicate, filter-feeding, shy, graceful stalkers of plankton, tiny reef dancers creating miniature underwater forests.",UNDEFINED,GBR,
52,Brown Tang,Zebrasoma scopas,"Olive-brown, grazing algae on coral, darting between rocks, small but persistent, forming loose shoals, tail spines flicking defensively.",browntang.png,GBR,
53,Bull Shark,Carcharhinus leucas,"Stout, aggressive predator, patrolling shallow estuaries and reefs, hunting fish and mammals, surprisingly tolerant of freshwater, strong and relentless.",bullshark.png,GBR,
54,Bullseye,Pempheris ,"Silver-bodied, large dark eye, schooling near reef overhangs, feeding nocturnally on plankton, flicking quickly between shadowed crevices.",bullseye.png,GSR,
55,Cabbage Butterflyfish,Chaetodon kleinii,"Yellow and black patterning, gliding elegantly, nibbling polyps, darting, alert, subtle reef decorator, photogenic, instantly recognisable reef presence.",UNDEFINED,GBR,
56,Carpet Wrasse,Novaculichthys taeniourus,"Long, patterned body, flattening against reef sand, foraging invertebrates, subtle undulating movements, blending seamlessly with coral rubble textures.",UNDEFINED,GBR,
57,Chameleon Parrotfish,Scarus chameleon,"Colour-shifting body grazing algae, scraping coral with beak-like teeth, gliding gracefully along reef slopes, bold and territorial.",UNDEFINED,GBR,
58,Checkerboard Wrasse,Halichoeres hortulanus,"Small, patterned in black-and-white squares, darting among branching coral, picking tiny crustaceans, quick, curious, always alert.",UNDEFINED,GBR,
59,Chimaera,Chimaeriformes ,"Ghostly, deep-sea fish with elongated snout, whip-like tail, gliding slowly above muddy bottoms, feeding on invertebrates in near-darkness.",UNDEFINED,DEEP,
60,Chinaman Fish,Symphorus nematophorus,"Black-and-white striped, reef-dwelling grouper, ambush predator, lurks in caves, photogenic, rarely moves far, reef’s sneaky little powerhouse.",UNDEFINED,GBR,
61,Chinese trumpetfish ,Aulostomus chinensis,"Long, tubular, stalking coral or sandy flats, vertical camouflage, ambushing small fish with sudden darting strikes, blending perfectly with vertical structures.",UNDEFINED,GBR,
62,Christmas Tree Worm,Spirobranchus giganteus,"Colorful spiral tubes poking from coral, filter-feeding plankton, delicate, swaying in currents, small yet iconic, tiny reef ornaments, whimsical and essential.",UNDEFINED,GBR,
63,Clarkii Clownfish,Amphiprion clarkii,"Orange and black stripes, bold reef bouncer, darting among anemone tentacles, highly territorial, cheek-puffing during displays, playful, alert, adaptable, charismatic miniature reef guardian.",UNDEFINED,GBR,
64,Clingfish Western Male,Cochleoceps bicolor,"Small, flattened, suction disc clinging to rocks, hiding in tidal pools, feeding on tiny invertebrates, often boldly territorial among narrow crevices.",clingfish.png,GSR,
65,Clown Anenomefish,Amphiprioninae,"Bright orange, darting among stinging anemones, defending territory fiercely, protandrous sex-change, flashing against reef crevices, bold and tenacious.",clownanenomefish.png,GBR,
66,Clown Triggerfish,Balistoides conspicillum,"Black body dotted with white, yellow and orange patterns, grazing invertebrates, territorial, powerful jaw cracking shells, striking reef presence.",UNDEFINED,GBR,
67,Clown Wrasse Juvenile,Coris gaimard,"Small, bright stripes and spots, darting quickly among branching corals, keeping low, mimicking harmless patterns to avoid predators, curious yet cautious.",UNDEFINED,GBR,
68,Cobia,Rachycentron canadum,"Sleek, torpedo-shaped pelagic predator, dark brown dorsal streaks, glides near reefs and buoys, ambushes baitfish, prized sportfish, fast, muscular, photogenic, oceanic powerhouse.",UNDEFINED,OPEN,
69,Coelacanth,Latimeria chalumnae,"Ancient, lobe-finned, drifting in deep-sea caves, slow, eerie swimming, fleshy paired fins undulating, feeding on benthic prey under near-darkness.",UNDEFINED,DEEP,
70,Coffin Ray,Hypnos monopterygius ,"Flattened, electric organs pulsing, buries in sand, ambushing fish, slow-moving yet deadly, glowing faintly, surprising predators with sudden shocks.",UNDEFINED,DEEP,
71,Coffinfish,Chanaux endeavouri ,"Small, globular, sits motionless, camouflaged on seafloor, luring prey with subtle bioluminescent appendages, rare and enigmatic in deep waters.",UNDEFINED,DEEP,
72,Common Dolphin,Delphinus delphis,"Distinct hourglass pattern, fast swimmer, pod hunter, acrobatic leaps, playful, photogenic, open water near GBR reefs, joyful social species.",UNDEFINED,OPEN,
73,Common Lionfish,Pterois volitans,"Striking spiny fins, venomous, hovering among coral, ambushing small fish, slow yet deliberate movements, colors warning predators of stings.",UNDEFINED,THAI,
74,Common Seahorse,Hippocampus kuda,"Clinging with prehensile tail to seagrass, males brooding eggs, slow, swaying gently, blending with surrounding vegetation, subtle and delicate.",UNDEFINED,GSR,
75,Coral Beauty,Centropyge bispinosa,"Electric blue and orange hues, grazing algae among coral crevices, small yet territorial, darting quickly while maintaining reef dominance.",UNDEFINED,GBR,
76,Coral Trout,Cephalopholis miniata,"Vibrant red with blue spots, patrolling reef edges, ambushing unsuspecting fish, lurking near caves, powerful and swift predator.",UNDEFINED,GBR,
77,Crown-of-thorns Starfish,Acanthaster planci,"Covered in long venomous spines, slowly crawling over coral, voracious predator of reef polyps, stealthy, destructive, bright and menacing presence on the reef.",UNDEFINED,GBR,
78,Darkcap Parrotfish,Scarus oviceps,"Bold, dark head, scraping algae and coral polyps, gliding along reef slopes, colour shifting slightly with mood, persistent and territorial.",UNDEFINED,GBR,
79,Decorator Crab,Naxia tumida ,"Clinging decorations from algae and sponge onto shell, scuttling across sand and rubble, blending into reef, clever camouflaged scavenger.",decoratorcrab.png,GSR,
80,Deep Bellied Pipe Fish,Stigmatoropa narinosa,"Slender, elongated, floating vertically among seagrass, belly distended with eggs in males, drifting slowly, feeding on tiny planktonic prey.",UNDEFINED,GSR,
81,Deep Sea Crown Jelly,Atolla wyvillei ,"Transparent, umbrella-shaped, bioluminescent rings pulsing, drifting silently in midwater, tentacles trailing, mesmerizing in dark ocean depths, rare and delicate.",UNDEFINED,DEEP,
82,Deep Sea Cucumber,none,"Elongated, soft-bodied, drifting along abyssal plains, feeding on sediment, slow undulating movements, subtle tentacles sifting nutrients, enduring crushing pressure and eternal darkness.",UNDEFINED,DEEP,
83,Deep Sea Spider Crab,Pycnogonid ,"Long, spindly legs, tiny body perched on deep-sea substrate, scavenging detritus, moving deliberately, ghostly silhouette among sediment and sponges.",UNDEFINED,DEEP,
84,Diamond Trevally,Alectis indica,"Flashy, silvery, diamond-shaped body, pelagic hunter, zips through reefs, schooling tendencies, photogenic, classic big-fish thrill of shallow waters.",UNDEFINED,GBR,
85,Dragon Moray,Enchelycore pardalis,"Multicoloured, patterned jaws, lurking in holes, nocturnal ambush predator, reef’s small but bold cryptic hunter.",UNDEFINED,GBR,
86,Dugong,Dugong dugon,"Slow-moving seagrass grazer, gentle and calm, gliding through shallow waters, alert eyes scanning, massive yet peaceful, iconic, soft underwater presence.",UNDEFINED,GBR,
87,Dusky Morwong,Dactylophora nigricans,"Dark, mottled, grazing algae on reef rocks, hovering above benthos, slow, methodical movements, often blending seamlessly with shadowed crevices.",duskymorwong.png,GSR,
88,Dusky Wrasse,Halichoeres marginatus,"Small, earthy-toned, darting between coral rubble, snatching tiny crustaceans, skittish yet persistent, subtly patrolling reef edges.",UNDEFINED,GBR,
89,Eastern Blue Devil,Paraplesiops bleekeri,"Vivid blue with black accents, hiding in caves, territorial, ambushing prey, peering curiously from shadows, aggressive yet strikingly beautiful.",easternbluedevil.png,GSR,
90,Eclipse Butterflyfish,Chaetodon bennetti,"Dark dorsal patch, gliding over reef walls, feeding on polyps, pairing closely, agile movements, striking contrast against coral background.",UNDEFINED,GBR,
91,Eclipse Pigfish,Bodianus mesothorax,"Bold midbody stripe, scraping invertebrates from reef crevices, darting rapidly, alert and curious, often patrolling the same territory repeatedly.",UNDEFINED,GBR,
92,Elegant Unicornfish,Naso elegans,"Slender, streamlined, small horned protuberance, grazing algae along reef slopes, shoaling gracefully, tail spines flicking defensively when threatened.",elegantunicornfish.png,GBR,
93,Eleven Armed Seastar,Coscinasterias muricata,"Rigid, eleven arms, crawling slowly over rocks, scavenging detritus and invertebrates, blending with reef textures, subtle predator of small molluscs.",elevenarmedseastar.png,GSR,
94,Epaulette Shark,Hemiscyllium ocellatum,"Tiny, slow creeper, distinctive shoulder spots, “walking” fins across reef flats, nocturnal hunter, resilient, charming cryptic reef dweller, classic GBR favorite.",UNDEFINED,GBR,
95,Estuary Cobbler,Cnidoglanis macrocephalus ,"Flattened, venomous dorsal spines, lurking in estuarine sand and mud, nocturnal hunter of fish and crustaceans, wary and camouflaged.",estuarycobbler.png,MANG,
96,European Fan Worm,Sabella spallanzani,"Feathered, retractable tentacles filtering plankton, anchored in tubes on rocks or pilings, gentle swaying with currents, delicate yet persistent feeder.",europeanfanworm.png,ROCK,
97,Feather Star,Crinoid,"Flexible, feathery arms, clinging to corals, sweeping plankton from water, drifting with currents, subtle movements creating mesmerizing patterns.",featherstar.png,DEEP,
98,Fiddler Ray,Trygonorrhina,"Flattened, disc-like, sweeping sandy bottoms with snout, searching crustaceans and molluscs, tail flicking, resting under shade, wary yet efficient.",fiddlerray.png,GSR,
99,Fire Goby,Nemateleotris magnifica,"Vivid orange and white tail, hovering vertically above sand, twitching nervously, darting quickly into burrows when threatened, always alert.",FUNDED,GBR,Funded by Azzurro
100,Fire Urchin,Asthenosoma varium,"Spiny, vivid, reef-floor crawler, photogenic, venomous defensive spikes, subtle ambush predator, classic reef invertebrate.",UNDEFINED,THAI,
101,Flame Angelfish,Centropyge loriculus,"Vivid orange-red body with thin vertical black bars, reef crevice explorer, photogenic, subtle nibbling herbivore, tropical reef jewel of vibrant color.",UNDEFINED,GBR,
102,Flatback Turtle,Natator depressus,"Olive-green, shallow water dweller, slow-moving, subtle glider, coastal Australian endemic, grazing on seagrass, graceful, reef-edge resident.",UNDEFINED,GBR,
103,Flounder,Taratretis derwentensis ,"It has an unusual appearance, with both eyes positioned on the same side of its body, and is known for its unique hunting technique where it lies in wait for prey buried in the sand and then ambushes them by rapidly flapping its fins to create a surge of water that uncovers the prey.",flounder.png,MANG,
104,Flowery Rockcod,Epinephelus fuscoguttatus,"Spotted, ambush predator, hovering near coral ledges, eyes scanning for unsuspecting fish, powerful quick strikes, retreating into shadowed nooks.",UNDEFINED,GBR,
105,Forceps Butterflyfish,Forcipiger flavissimus,"Long, narrow snout probing coral crevices, bright yellow body, darting gracefully, feeding on tiny invertebrates, pairing closely, elegant reef navigator.",UNDEFINED,GBR,
106,Foxface Rabbitfish,Siganus vulpinus,"Bright yellow body, dark mask, grazing algae along reef slopes, spiny dorsal fins raised defensively, schooling but cautious, slow yet deliberate movements.",UNDEFINED,GBR,
107,Garfish,Hyporhamus melanochir ,"Slender, beak-like jaw, skimming near surface, feeding on small fish and plankton, fast, skittering leaps, silver flash against sunlight.",garfish.png,OPEN,
108,Ghost Crab,Ocypode spp.,"Pale, sandy, almost invisible on beaches, bursts sideways at lightning speed, digs burrows, playful coastal scavenger, photogenic sand ninja.",UNDEFINED,ROCK,
109,Giant Aussie Cuttlefish,Sepia apama,"Massive, colour-shifting body, curling arms over seafloor, jetting bursts of water to escape, males displaying flamboyant mating patterns, elusive yet charismatic.",giantaussiecuttlefish.png,GSR,
110,Giant Clam,Tridacna spp.,"Huge bivalve, colorful mantle exposed, filter-feeding plankton, embedded in reef, subtle pulsations, slow but vital, photogenic, ancient reef resident.",UNDEFINED,GBR,
111,Giant Manta Ray,Manta birostris,"Massive “flying” glider, sweeping through open water, filtering plankton, gentle and graceful, enormous wingspan, social at cleaning stations, majestic, awe-inspiring reef visitor.",UNDEFINED,OPEN,
112,Giant Moray,Gymnothorax javanicus,"Massive, greenish-grey, lurking in caves, ambushing reef fish, powerful bite, slow glider, mysterious, iconic predator of Southern reefs and crevices.",UNDEFINED,GBR,
113,Giant Trevally,Caranx ignobilis,"Silver and robust, patrolling reef edges and open waters, hunting in bursts, ambushing fish schools, fast and commanding presence.",UNDEFINED,OPEN,
114,Giant Triton,Charonia tritonis,"Massive predatory snail, coral reef hunter of crown-of-thorns, photogenic, slow gliding reef-floor presence.",UNDEFINED,GBR,
115,Goby,Aulotrachichthys pulsator,"Small, perching on rocks, flicking fins rapidly, hovering above sandy patches, scanning for tiny prey, cautious, retreating instantly into burrows.",UNDEFINED,GSR,
116,Gold Lined Triggerfish,Pseudobalistes flavimarginatus,"Bold yellow-lined pattern, reef crevice dweller, territorial, photogenic, eats invertebrates, reef’s armored little brawler.",UNDEFINED,GBR,
117,Gold Spotted Eel,Myrichthys ocellatus,"Slender, yellow-golden dots, creeping over sandy reef, ambushing crustaceans, subtle movements, shy but predatory, graceful cryptic presence.",UNDEFINED,GBR,
118,Golden Trevally Juvenile,Gnathanodon speciosus,"Striped, shimmering gold and black, schooling near reef edges, darting quickly, feeding on plankton, blending with siblings, agile and alert.",goldentrevallyjuvenile.png,GBR,
119,Great Barracuda,Sphyraena barracuda,"Sleek, torpedo-shaped, razor teeth, lightning-fast predator, solitary or small school, glides over reefs, photogenic, tropical ambush hunter of fish.",UNDEFINED,GBR,
120,Great White Shark,Carcharodon carcharias,"Conflict-avoidant, industrious hunter, born to patrol open water, powerful bursts of speed, patrolling prey schools, highly efficient and commanding presence.",greatwhiteshark.png,OPEN,
121,Green Moon Wrasse,Thalassoma lutescens,"Emerald and blue flashes, darting among branching coral, snatching small crustaceans, energetic shoals, bold yet skittish movements.",UNDEFINED,GBR,
122,Green Moray,Gymnothorax funebris,"Deep green body, camouflaged, weaving slowly through rubble, ambushing unsuspecting prey, stealthy, patient hunter, cryptic reef ghost, Southern/Australian waters.",UNDEFINED,GBR,
123,Green Sea Turtle,Chelonia mydas ,"Slow, deliberate grazers, feeding on seagrass, shell concealing green fat layer, drifting gracefully, migrating long distances, gentle and enduring.",greenseaturtle.png,GBR,
124,Grey Nurse Shark,Carcharias taurus,"Resting in caves, needle-like teeth exposed, slow-moving, docile yet intimidating, ambush predator of reef fish, ghostly eyes scanning, iconic Southern reef silhouette.",UNDEFINED,GBR,
125,Grey Reef Shark,Carcharhinus amblyrhynchos,"Sleek grey hunter, often cruising in small shoals, sharp eyes scanning reef fish, agile bursts, subtle predator, alert, elegant, classic reef shark silhouette.",UNDEFINED,GBR,
126,Gulf Catshark,Asymbolus vincenti,"Chocolate-brown body dotted with dense white spots, patrolling sandy bottoms, nocturnal hunter, stealthy movements over continental slopes.",gulfcatshark.png,GSR,
127,Gulper Eel,Eurypharynx pelecanoides ,"Deep-sea drifter, enormous hinged jaw, ballooning mouth swallowing prey whole, thin whip-like tail, bioluminescent lure often glowing faintly.",UNDEFINED,DEEP,
128,Gummy Shark,Mustelus antarcticus,"Slow, patient hunter crushing molluscs with plate-like teeth, patrolling seafloor, feeding methodical and efficient, mostly nocturnal.",gummyshark.png,DEEP,
129,Half and Half Chromis,Chromis iomelas,"Distinctly bicolour, hovering above coral heads, feeding on plankton, schooling tightly, darting rapidly, small but highly visible and active.",UNDEFINED,GBR,
130,Hammerhead Shark,Sphyrna lewini,"Wide, cephalofoil head scanning water, schooling juveniles patrolling shallow reefs, hunting fish and cephalopods, agile yet deliberate predator.",hammerheadshark.png,GBR,
131,Harlequin Filefish,Oxymonacanthus longirostris,"Spotted, slender, grazing coral polyps, weaving carefully among branches, highly camouflaged, small but precise movements, rarely straying far.",UNDEFINED,GBR,
132,Harlequin Fish,Othos dentex,"Spots shift through life, signaling age and identity, patrolling reef slopes, feeding on invertebrates, striking patterns blending with corals.",UNDEFINED,GSR,
133,Harlequin Sweetlips Juvenile,Plectorhinchus chaetodonoides,"Bold spots and stripes, exaggerated swimming movements, hovering above sand or rubble, mimicking toxic species, small but striking and highly cautious.",harlequinsweetlipsjuvenile.png,GBR,
134,Hawkbill Turtle,Eretmochelys imbricata,"Overlapping scutes, feeding on sponges among reefs, slow and deliberate, migrates long distances, strong flippers, graceful despite rugged shell.",UNDEFINED,OPEN,
135,Headband Humbug,Dascyllus reticulatus,"Black-and-white stripes, darting in tight coral colonies, feeding on plankton, highly social, quick turns and sudden retreats to crevices.",UNDEFINED,GBR,
136,Headless Chicken Monster,Enypniastes eximia ,"Transparent deep-sea sea cucumber, drifting above muddy bottoms, pulsing tentacles feeding on sediment, ghostly undulating movements, rare and mesmerizing.",headlesschickenmonster.png,DEEP,
137,Heavybeak Parrotfish,Scarus ghobban,"Massive beak scrapes coral, munching algae and polyps, gliding over reef slopes, bold, slow yet deliberate, reef gardener with powerhouse jaws.",UNDEFINED,GBR,
138,Hermit Crab,Paguridae,"Clutching empty shells, scavenging detritus, flicking antennae constantly, careful exploration of reef crevices, clever camouflage, always ready to retreat.",UNDEFINED,ROCK,
139,Honeycomb Moray,Gymnothorax favagineus,"Spotted moray, peeking from crevices, long body weaving, ambush predator, sharp teeth glint, slow deliberate movements, cryptic, reef’s sneaky corridor hunter.",UNDEFINED,GBR,
140,Horned Bannerfish,Heniochus varius,"Black-and-white striped, dorsal “horn,” elegant reef swimmer, photogenic, glides in pairs or small groups, curious, iconic reef acrobat with flair.",hornedbannerfish.png,GBR,
141,Horseshoe Leatherjacket male,Meuschenia hippocrepis,"Flattened, rough-bodied, grazing algae and invertebrates, darting across reef walls, spiny fins raised when threatened, steady and resilient movements.",horseshoeleatherjacketmale.png,GSR,
142,Humbug,Dascyllus aruanus,"Striped, schooling among branching corals, feeding on plankton, twitching rapidly, closely coordinated, agile, maintaining tight group formations.",humbug.png,GBR,
143,Humpback Dolphin,Sousa sahulensis,"Coastal estuary cruiser, subtle leaps, shy but curious, small pods, photogenic, tropical shallow water visitor, reef-edge acrobat.",UNDEFINED,OPEN,
144,Humpback Whale,Megaptera novaeangliae,"Massive acrobat of oceans, breaching and tail-slapping, migrates thousands of kilometres, singing haunting songs, gentle filter-feeder, curious, iconic, graceful leviathan of the seas.",UNDEFINED,OPEN,
146,Jewel Squid,Histoteuthis reversa ,"Two differently sized eyes, massive upper eye scans low-light for predators and prey, drifting gracefully, tentacles trailing silently, deep-sea ambush specialist.",UNDEFINED,DEEP,
147,Jimbles,Carybdea rastoni ,"Transparent box jelly, trailing long stinging tentacles, drifting with currents, tiny yet venomous, pulsing bell moving gracefully, rarely seen near reef edges.",jimbles.png,GSR,
148,Jointed Razorfish,Aeoliscus strigatus,"Slender, vertical body, hovering head-down among seagrass, feeding on small crustaceans, delicate movements, blending perfectly with surrounding stems.",UNDEFINED,GBR,
149,Lagoon Triggerfish,Rhinecanthus aculeatus,"Colorful, bold stripes, grazing algae and invertebrates, patrolling reef crests, raising dorsal spines defensively, quick lateral dashes, confident and alert.",UNDEFINED,GBR,
150,Lattice Butterflyfish,Chaetodon rafflesii,"Intricate lattice pattern, gliding along coral walls, feeding on tiny polyps, pairing closely, agile and deliberate, precise reef navigator.",UNDEFINED,GBR,
151,Leafy Sea Dragon,Phycodurus eques,"Frilly, leaf-like appendages drifting among kelp, feeding on plankton and mysids, delicate, slow-moving, perfectly camouflaged, unknown lifespan adding mystery.",leafyseadragon.png,GSR,
152,Leatherback Turtle,Dermochelys coriacea,"Largest turtle, flexible shell up to two meters, migrates vast distances, feeding on jellyfish, gliding powerfully through open ocean currents.",leatherbackturtle.png,OPEN,
153,Lemon Damsel,Pomacentrus moluccensis,"Bright yellow, hovering near coral, feeding on plankton, darting rapidly, territorial yet small, alert and constantly twitching.",lemondamsel.png,GBR,
154,Lemon Shark,Negaprion brevirostris,"Yellow-brown hue, coastal hunter, slow glider, curious yet cautious, shallow reef and estuary cruiser, schooling occasionally, apex predator with mellow tropical vibes.",UNDEFINED,GBR,
155,Leopard Wrasse,Macropharyngodon meleagris,"Spotted, undulating over sand patches and rubble, snatching tiny crustaceans, shifting colours with mood, shy but persistent foragers.",UNDEFINED,GBR,
156,Lined Bristeltooth,Ctenochaetus striatus,"Slender, scraping algae with bristled mouth, moving across reef walls, constant grazing, contributing to reef cleaning, steady and methodical.",UNDEFINED,GBR,
157,Little Shore Crab,Brachynotus spinosus,"Small, agile, females carrying up to 50,000 eggs beneath abdomen, scuttling across tidal flats and crevices, quick and persistent.",littleshorecrab.png,ROCK,
158,Loggerhead Turtle,Caretta caretta,"Massive jawed glider, cruising shallow reefs, feeding on crustaceans and mollusks, slow deliberate movements, ancient presence, resilient ocean traveler, powerful yet calm.",UNDEFINED,OPEN,
159,Long Snouted Boarfish,Pentacerosis recurvirostris,"Elongated snout probing sand and rubble, bold black-and-white bands, hovering gracefully, slow deliberate movements, searching for crustaceans and tiny invertebrates.",longsnoutedboarfish.png,GSR,
160,Longfin Batfish,Platax teira,"Tall, flattened body gliding near reef slopes, long fins sweeping water, slow, curious, drifting in loose shoals, hovering above coral.",UNDEFINED,GBR,
161,Magpie Perch,Cheilodactylus nigripes,"Black-and-white patterned body, nibbles clouds of sediment, flicking fins subtly, blending with shadows, agile and deliberate hunter.",magpieperch.png,GSR,
162,Mahi Mahi,Coryphaena hippurus,"Neon-green-gold flash, fast pelagic hunter, acrobatic leaps, tropical offshore predator, photogenic, ocean’s flashy showboat.",UNDEFINED,OPEN,
163,Mako Shark,Isurus oxyrinchus,"Streamlined, powerful predator, bursts up to 75 km/h, patrolling open ocean, hunting fish with precision, agile and relentless.",makoshark.png,OPEN,
164,Mangrove Jack,Lutjanus argentimaculatus,"Red-brown body, lurking near mangrove roots, ambushing small fish, territorial and strong, darting quickly between shadows and exposed sand.",UNDEFINED,MANG,
165,Maori Wrasse,Cheilinus undulatus,"Large, colourful, patrolling reef slopes, grazing invertebrates, gentle movements, distinctive patterns, slow yet confident, occasionally interacting with divers.",UNDEFINED,GBR,
167,Maroon Clownfish,Premnas biaculeatus,"Deep red with white stripes, darting among anemone tentacles, highly territorial, agile, bold, tiny reef sentinel with quirky playful personality.",UNDEFINED,GBR,
168,Moonlighter ,Tilodon sexfasciatus,"Heart-shaped, striped body, hovering near sandy patches, feeding on small invertebrates, curious and bold, displaying sunny, alert movements.",moonlighter.png,GSR,
169,Moorish idol,Zanclus cornutus,"Striking black, white, and yellow bands, gliding elegantly along reef walls, snatching polyps and tiny invertebrates, agile, graceful, high-contrast patterns.",UNDEFINED,GBR,
170,Moreton Bay Bug,Thenus spp.,"Flattened, stubby claws, digger, sandy burrower, slow but tasty, prized seafood, photogenic, reef-adjacent crustacean superhero of dinner tables.",UNDEFINED,GBR,
171,Mosaic Leatherjacket,Eubalichthys mosaicus,"Patchwork patterns, grazing algae, moving steadily along Southern Australian coasts, bold yet cautious, blending perfectly with reef rubble and kelp textures.",mosaicleatherjacket.png,GSR,
172,Nannygai,Centroberyx affinus,"Red-orange, schooling near rocky reefs, hunting small fish and invertebrates, alert, wary of hooks due to fishing closures, persistent but elusive.",nannygai.png,OPEN,
173,Napoleon Parrotfish,Cheilinus undulatus,"Massive forehead, gliding over reef, snatching crustaceans and mollusks, slow yet deliberate, striking green-blue scales, gentle giant of coral slopes.",UNDEFINED,GBR,
174,Nautilus Squid,Nautilus pomphilius,"Coiled shell drifting slowly, jet propulsion bursts, siphon steering precise, feeding on carrion or detritus, ancient appearance, floating ghostly through deep waters.",nautilussquid.png,OPEN,
175,Necklace Carpetshark,Parascyllium variolatum,"Intricate saddles and spots, slow-moving along sandy bottoms, nocturnal hunter of small invertebrates, blending with textures, cautious yet persistent.",necklacecarpetshark.png,GSR,
176,New Zealand Eagle Ray,Myliobatis tenuicaudatus,"Flat, wide wings, gliding over sandy seafloor, stirring crustaceans, long whip tail trailing, elegant, graceful predator, subtle yet commanding.",newzealandeagleray.png,GSR,
177,Northern Pacific Seastar,Asterias amurensis ,"Rapidly spreading across reefs, preying on oysters, mussels, scallops, strong regenerative abilities, invasive, altering benthic communities, subtle predator with huge ecological impact.",UNDEFINED,GSR,
178,Nudibranch - Clown Doris,Ceratosoma amoenum,"Bright orange and white stripes, crawling over reef, feeding on sponges, soft-bodied, small, slow, whimsical appearance like miniature reef clown.",nudibranchclowndoris.png,GSR,
179,Nudibranch - Mexichroma,Mexichromis macropus,"Feathery gills arranged around posterior, crawling slowly over corals, bright, delicate, feeding on sponge, small, flamboyant movements adding subtle colour to reef.",nudibranchmexichroma.png,GSR,
180,Oblique Banded Sweetlips,Plectorhinchus lineatus,"Thick oblique stripes, hovering over sandy patches and reef edges, grazing invertebrates, slow, deliberate movements, bold yet cautious, juveniles often schooling.",UNDEFINED,GBR,
181,Old Wife,Enoplosus armatus,"Easily recognised iconic shape, black-and-white bands, patrolling shallow reefs, grazing small invertebrates, raising dorsal spines defensively, slow, confident, alert movements.",oldwife.png,GBR,
182,Orangelined triggerfish ,Balistapus undulatus,"Bright orange dorsal line, grazing coral rubble and algae, raising dorsal spines defensively, darting quickly when threatened, territorial and persistent.",UNDEFINED,GBR,
183,Orangespine Unicornfish,Naso lituratus,"Elongated body, orange tail spines flicking, grazing algae on reef slopes, gliding smoothly, occasionally shoaling, alert and agile, tail flashing defensively.",UNDEFINED,GBR,
184,Ornate Butterflyfish,Chaetodon ornatissimus,"Yellow and black patterned, gliding over branching coral, nibbling polyps, darting elegantly, alert, photogenic, small yet instantly recognisable reef jewel.",UNDEFINED,GBR,
185,Ornate Cowfish,Aracana ornatus,"Boxy body, intricate ornamental patterns, gliding across reef sand, grazing benthic invertebrates, slow, cautious, like a living treasure chest waiting to move.",ornatecowfish.png,GSR,
186,Ornate Eagle Ray,Aetomylaeus vespertilio,"Huge wings, spotted pattern, graceful glider, reef-edge and shallow tropical waters, photogenic, gentle predator.",UNDEFINED,THAI,
187,Ornate Ghost Pipefish,Solenostomus paradoxus,"Camouflaged leaf-like body, floating, photogenic, subtle ambush predator, cryptic tropical reef drifter.",UNDEFINED,THAI,
188,Ornate Leopard Wrasse Female,Macropharyngodon ornatus,"Spotted, weaving along rubble and sand patches, snatching tiny crustaceans, subtle colour shifts, shy and graceful, slow movements blending with reef.",UNDEFINED,GBR,
189,Paddletail,Lutjanus gibbus ,"Rounded tail, robust body, patrolling reef slopes, hunting small fish and invertebrates, bursts of speed, precise, alert, confident reef predator.",UNDEFINED,GBR,
190,Palenose Parrotfish ,Scarus psittacus,"Muted nose, scraping algae and coral polyps, gliding steadily along reef walls, colour shifting subtly, persistent, methodical, slow yet bold feeder.",UNDEFINED,GBR,
191,Pallette Tang,Paracanthurus hepatus,"Electric blue with black “painter’s palette” markings, darting quickly among coral, grazing algae, bold, small, visible, alert, constantly twitching movements.",UNDEFINED,GBR,
192,Paragorgia Coral,Paragorgia,"Rigid branching structure, deep-red or pink, filter-feeding plankton, anchored in strong currents, swaying gently, providing habitat for small reef creatures.",UNDEFINED,DEEP,
193,Passionfruit Coral Trout,Plectropomus areolatus,"Vibrant orange-and-purple spots, sleek predatory body, lurks near coral ledges, ambushes small fish, photogenic reef hunter, prized catch, reef’s colorful apex ambusher.",UNDEFINED,GBR,
194,Pennant Bannerfish ,Heniochus diphreutes,"Vertical black-and-white stripes, long dorsal streamer, gliding above reef, feeding on plankton, coordinated shoals, small, elegant, darting gracefully among corals.",UNDEFINED,GBR,
195,Peppermint Angelfish,Centropyge boylei,"Tiny bright red and white, reef crevice dweller, photogenic, subtle nibbling tropical reef jewel.",UNDEFINED,GBR,
196,Philinopsis Taronga Sea Slug,Philinopsis Taronga,"Hermaphroditic, crawling slowly over sand, eating other slugs, mating both get pregnant, laying long spaghetti strings of eggs, Hamilton Island native.",UNDEFINED,GBR,
197,Pink Dolphin,Orcaella brevirostris,"Smooth, pinkish-gray, coastal and estuarine swimmer, curious pods, gentle acrobatics, photogenic, social, subtle river-mouth and shallow tropical reef-edge explorer.",UNDEFINED,THAI,
198,Pink Skunk Anenomefish,Amphiprion perideraion,"Soft pink body with white stripe, darting among anemone tentacles, defending territory, bold and small, flashing quickly between protective crevices.",UNDEFINED,THAI,
199,Pink Ventfish,Thermaces cerberus,"Deep-dwelling, dusky pink hues, drifting silently above the seabed, rarely glimpsed, slow, subtle movements, mysterious and ghostly in abyssal darkness.",UNDEFINED,DEEP,
200,Pinocchio Shark,Apristurus australis,"Recorded up to 55cm, slender and elusive, prowling deep waters, very little known, ghostly presence hovering near seafloor shadows.",UNDEFINED,DEEP,
201,Pinstriped Butterflyfish,Chaetodon trifasciatus,"Three thin black stripes, gliding over coral walls, snatching tiny polyps, small, agile, darting constantly, elegant, bright and alert",UNDEFINED,GBR,
202,Pipefish,Stigmatopora argus,"Slender, camouflaged, weaves among seagrass and algae, tiny mouth for small crustaceans, photogenic, slow-moving stealth hunter, subtle jewel of southern Australian waters.",pipefish.png,GSR,
203,Porcupinefish,Diodon nicthemerus,"Inflatable body with sharp spines, hovering cautiously, feeding on molluscs, puffs defensively when threatened, slow, bold, prickly yet endearing.",porcupinefish.png,GSR,
204,Port Jackson Shark,Heterodontus Portusjacksoni ,"Pancake-like body, harness pattern, crushing crustaceans with blunt teeth, napping on seafloor, ultimate couch potato of reefs, curious, low-drama predator.",portjacksonshark.png,GSR,
205,Potato Rockcod,Cephalopholis,"Chunky, mottled brown, sits in crevices, ambushes prey, slow but deadly, reef’s potato-shaped predator with surprising bursts of speed.",UNDEFINED,GBR,
206,Pyjama Cardinalfish,Sphaeramia nematoptera,"Striking vertical stripes, large curious eyes, small nocturnal shoaler, reef crevice dweller, photogenic, subtle movements, tropical coral-reef micro-predator.",UNDEFINED,THAI,
207,Queenfish,Scomberoides commersonnianus,"Shiny silver, streamlined predator, fast pelagic hunter near reefs and estuaries, acrobatic leaps, photogenic, tropical schooling ocean streaker with teeth.",UNDEFINED,GBR,
208,Raccoon Butterflyfish ,Chaetodon lunula,"Black “mask” over eyes, gliding along coral slopes, feeding on polyps, pairing closely, alert, elegant, darting gracefully between crevices.",UNDEFINED,GBR,
209,Rainbow Cale,Heteroscarus acroptilus,"Small, multicoloured, grazing algae on reef walls, shifting patterns with mood, darting quickly, shy, subtle but striking among rocks.",rainbowcale.png,GSR,
210,Red Gurnard,Chelidonichthys kumu,"Bright red, pectoral fins spread like wings, skimming sand for crustaceans, bursts of speed, bold, dramatic movements, striking reef presence.",redgurnard.png,GSR,
211,Red Ribbon Wrasse ,Thalassoma quinquevittatum,"Long, slender, red-striped body, darting through coral, feeding on tiny invertebrates, agile, persistent, weaving elegantly through reef crevices.",UNDEFINED,GSR,
212,Red Squirrelfish,Sargocentron rubrum,"Bright red, large eyes, nocturnal hunter, hiding among ledges during day, darting out at night for small prey, alert, twitchy movements.",UNDEFINED,GBR,
213,Red Throat Emperor,Lethrinus miniatus,"Bold red throat, cruising reef flats, ambushing crustaceans, strong jaws, slow glider, alert predator, subtle movements, iconic Southern reef hunter.",UNDEFINED,GBR,
214,Red Velvetfish,Gnathanacanthus goetzeei,"Deep red, velvety texture, camouflaged among rocks and sponges, slow creeping movements, ambush predator of small fish and crustaceans, subtle but deadly.",UNDEFINED,GSR,
215,Redbreast Maori Wrasse,Cheilinus fasciatus,"Vivid red chest, bold green-and-blue body, reef-dwelling wrasse, curious, nibbles invertebrates, playful predator with a splash of Maori flair.",UNDEFINED,GBR,
216,Redstreaked Blenny,Cirripectes stigmaticus,"Small, red streaks along body, perching on rocks, nibbling algae, curious, twitchy, quick to retreat into tiny crevices when threatened.",UNDEFINED,GBR,
217,Redtooth Triggerfish ,Odonus niger,"Deep blue with red teeth flashes, grazing and defending territory, darting quickly over reef, strong jaw, bold, persistent, eye-catching predator.",UNDEFINED,GBR,
218,Regal Angelfish,Pygoplites diacanthus,"Striking blue and yellow stripes, gliding gracefully along coral crests, snatching tiny invertebrates, elegant, cautious, darting smoothly through reef shadows.",UNDEFINED,GBR,
219,Ribbon Eel,Rhinomuraena quaesita,"Bright blue and yellow, waving from sandy burrow, slender, darting, curious, ambush predator, elegant, playful, reef’s alien-looking slender phantom.",UNDEFINED,GBR,
220,Ringeye Hawkfish,Paracirrhites arcatus,"Perched atop coral, red-ringed eye scanning surroundings, quick pounces on small prey, territorial, twitchy, confident observer of reef activity.",UNDEFINED,GBR,
221,Rock Crab,Nectocarcinus integrifrons,"Oversized black-brown claws, scuttling over rocks, scavenging detritus, cautious but bold when threatened, flattened body blending with reef rubble.",UNDEFINED,ROCK,
222,Rockmover Wrasse,Novaculichthys taeniourus,"Powerful jaws flipping rocks to expose hidden prey, gliding over rubble, bold and curious, methodical forager of small invertebrates.",UNDEFINED,THAI,
223,Round Batfish,Platax orbicularis,"Flattened disc-like body, slow gliding over reef slopes, hovering near sand or rubble, subtle fin movements, graceful yet unhurried.",roundbatfish.png,GBR,
224,Royal Dottyback,Pictichromis paccagnellae,"Vibrant purple, darting rapidly among coral, fiercely defending territory, small yet bold, constant twitching, alert, energetic little reef predator.",UNDEFINED,GBR,
225,Saddled Butterflyfish,Chaetodon ephippium,"Dark saddle marking, gliding elegantly over reef, picking polyps from coral, pairing often, agile, alert, weaving smoothly among branches.",saddledbutterflyfish.png,GBR,
226,Sailfin Blenny,Salarias fasciatus,"Striped, small, reef algae grazer, photogenic, darts among corals, tiny but bold personality, classic reef grazer.",UNDEFINED,GBR,
227,Sailfish,Istiophorus platypterus,"Spectacular dorsal “sail,” lightning-fast predator, leaps high, chases schools of baitfish, photogenic, pelagic tropical hunter, ocean’s needle-speed missile.",UNDEFINED,OPEN,
228,Sand Flathead,Platycephalus bassensis ,"Camouflaged, flattened body buried in sand, ambushing unsuspecting prey, subtle shifts, stealthy hunter, motionless until sudden bursts of speed.",sandflathead.png,GSR,
229,Sand Whiting,Sillago ciliata,"Prized on Aussie tables, sandy burrower, gliding over shallow bottoms, feeding on small invertebrates, elusive, subtle movements, constant target for fishers.",sandwhiting.png,GSR,
230,Sandbar Shark,Carcharhinus plumbeus,"Broad, triangular dorsal fin, coastal hunter, cruising shallow sandy reefs, alert, social, medium-sized, photogenic apex predator of warm Aussie waters.",UNDEFINED,GBR,
231,Sawshark,Pristiophorus cirratus ,"Long saw-like snout, shredding prey with up to 25 teeth per side, prowling sandy seafloor, slow deliberate hunter, ghostly presence.",sawshark.png,GSR,
232,Scalyfin,Parma Victoria,"Juvenile yellow with round eyes, bold personality, darting between rubble, grazing algae and tiny crustaceans, small but full of energy.",scalyfin.png,GSR,
233,Scalyfin Juvenile,Parma Victoria,"Juvenile yellow with round eyes, bold personality, darting between rubble, grazing algae and tiny crustaceans, small but full of energy.",scalyfinjuvenile.png,GSR,
234,Scissortail Sargeant,Abudefduf sexfasciatus,"Bold black-and-white stripes, hovering above reef, schooling tightly, feeding on plankton, darting agilely, alert and coordinated, small but highly visible.",UNDEFINED,GBR,
235,Sea Cucumber,none,"Munching debris, dead coral, fish waste, ecosystem janitor, slow, subtle undulations, quietly recycling nutrients, essential yet unassuming reef inhabitant.",seacucumber.png,OPEN,
236,Sea Hare,Aplysia spp.,"Slow glider, soft-bodied, grazing on algae, photogenic, subtle cryptic movements, reef-floor recycler, charismatic nudibranch cousin.",UNDEFINED,THAI,
237,Sea Mouse,Aphrodita australis ,"Spiny, flattened, crawling along seafloor, bristly body shimmering in light, scavenging, nocturnal movements, ghostly and intriguing, rarely noticed.",seamouse.png,GSR,
238,Sea Slug - Black,Stichopus chloronotus,"Smooth tropical reef-floor recycler, subtle nocturnal grazer, photogenic, ecosystem cleaner, subtle tropical cryptic dweller.",UNDEFINED,GBR,
239,Sea Slug - Nembrotha cristata,Nembrotha cristata,"Vibrant black and green, crawling reef-floor drifter, photogenic, carnivorous, subtle nocturnal hunter.",UNDEFINED,THAI,
240,Sea Spider,Pyconogonida Latreille,"Spindly legs, tiny body, crawling across seafloor, scavenging detritus, slow, alien-like movements, ghostly deep-sea presence, delicate and unusual.",seaspider.png,DEEP,
241,Sea Sweep,Scorpis aequipinnis,"Silver schooling fish, feeding on plankton or thrown bread, moving in coordinated flurries, agile, highly social, glimmering flashes among snorkellers.",seasweep.png,OPEN,
242,Senator Wrasse,Pictilabrus laticlavius,"Sequential hermaphrodite, individuals mature into females then males, patrolling reef rubble, snatching crustaceans, agile, subtle colour shifts, persistent forager.",senatorwrasse.png,GSR,
243,Sevengill Shark,Notorynchus cepedianus,"Prefers solitary swimming through depths, elongated body, hunting opportunistically, slow cruising predator, low-light hunter, ghostly presence near seafloor shadows.",sevengillshark.png,GSR,
244,Shark Ray,Rhina ancylostoma,"Broad, rounded body, shark-like nose, gliding near reefs, ambush predator, subtle nocturnal movements, curious yet cautious, photogenic, tropical shallow-water giant.",UNDEFINED,GBR,
245,Sharksucker,Echeneis naucrates,"Clinging to larger fish, hitchhiking through currents, feeding on parasites, agile fin movements, persistent follower, symbiotic yet unobtrusive.",UNDEFINED,OPEN,
246,Shovelnose Lobster,Scyllaridae ,"Flattened, armored body, nocturnal scavenger, flipping across sand or rubble, antennae sensing prey, subtle yet precise movements, elusive predator.",UNDEFINED,DEEP,
247,Shovelnose Ray,Aptychotrema vincentiana ,"Sleek body, powerful tail, gliding along seafloor like a pro dancer, ambushing prey, stealthy, elegant, striking silhouette over sandy bottoms.",shovelnoseray.png,GSR,
248,Sicklefish,Drepane punctata,"Curved dorsal fins, silvery-grey, coastal estuaries, shoals in sandy shallows, planktivore, photogenic, subtle hunter with crescent-shaped flair.",UNDEFINED,GBR,
249,Silver Drummer,Kyphosus sydneyanus ,"Grows up to 80 cm, gliding over reefs and seagrass, grazing algae, schooling occasionally, bold yet peaceful, subtle silvery shimmer in sunlight.",silverdrummer.png,GSR,
250,Six Banded Angelfish ,Pomacanthus sexstriatus,"Six bold bands, gliding elegantly along coral crests, feeding on invertebrates, alert and cautious, weaving smoothly through branching corals, striking and small.",sixbandedangelfish.png,GBR,
251,Six Spine Leatherjacket female,Meuschenia Freycineti ,"Six sharp dorsal spines, punk-rock defense, exploring rocky reefs and caves, snacking on invertebrates, curious yet cautious, slow glides with confident swagger.",sixspineleatherjacketfemale.png,GSR,
252,Six Spine Leatherjacket male,Meuschenia Freycineti ,"Six sharp dorsal spines, punk-rock defense, exploring rocky reefs and caves, snacking on invertebrates, curious yet cautious, slow glides with confident swagger.",sixspineleatherjacketmale.png,GSR,
253,Sixbar Wrasse,Thalassoma hardwicke,"Six thin bars, darting energetically over rubble, snatching tiny crustaceans, agile and alert, shoaling occasionally, persistent forager, playful reef navigator.",sixbarwrasse.png,GBR,
254,Sixline Wrasse,Pseudocheilinus hexataenia,"Vivid horizontal stripes, darting rapidly among corals, cleaning small parasites, agile, skittish yet bold, coordinating movements with shoal, curious little reef actor.",UNDEFINED,GBR,
255,Skeleton Shrimp,Caprellidae,"Slender, spindly body, clinging to algae or coral, omnivorous scavenger, collecting whatever is edible, twitchy movements, ghostly but industrious micro-predator.",skeletonshrimp.png,DEEP,
256,Slender Snipe Eel,Nemichthys scolopaceus ,"Long, thin, hunting pelagic crustaceans, darting with agility, quick-witted predator, ghostly glides through deep water, delicate movements, rare deep-sea spectacle.",UNDEFINED,DEEP,
257,Slingjaw Wrasse,Epibulus insidiator,"Extendable jaw catapults prey, thin elongated body, stealthy reef hunter, quick, photogenic, nature’s jaw-dropping show-off, classic GBR spectacle.",UNDEFINED,GBR,
258,Smooth Stingray,Bathytoshia brevicaudata ,"Flat, gliding across sandy bottoms, subtle undulations, stealthy hunter of invertebrates, smooth skin, elegant, moving silently yet powerfully over seafloor.",UNDEFINED,GSR,
259,Smooth Toadfish,Tetractenos glaber,"Soft-bodied, camouflaged, hovering near reef rubble, ambushing small prey, slow yet effective hunter, subtle movements, alert, cryptic and resilient.",smoothtoadfish.png,GSR,
260,Smooth Toadfish Juvenile,Tetractenos glaber,"Tiny body, hides behind seaweed in the shallows, quick and panicked movements, alert, cryptic and resilient.",smoothtoadfishjuvenile.png,GSR,
261,Snowflake Moray,Echidna nebulosa,"White-spotted, chunky little moray, hunting crustaceans, darting from holes, alert, bold, slightly comical expression, reef’s quirky little ambush predator.",UNDEFINED,GBR,
262,Snubnose Dart,Trachinotus blochii,"Silvery, torpedo-shaped, short blunt snout, zips through shallow coastal waters, feeds on small fish and crustaceans, photogenic, fast-moving reef and estuary predator.",snubnosedart.png,GBR,
263,Southern Blue Devil,Paraplesiops meleagris,"Electric blue, hiding among ledges, territorial, ambushing small invertebrates, darting rapidly, small but bold, striking reef presence, alert and curious.",southernbluedevil.png,GSR,
264,Southern Right Whale,Eubalaena australis,"Massive, graceful migrator, gliding through coastal waters, gentle filter-feeder, breaching and tail-slapping, social yet peaceful, iconic Southern Ocean leviathan.",UNDEFINED,GSR,
265,Southern Rock Lobster,Jesus edwardsii,"No claws, strong spiny legs used for defense and movement, scuttling across rocks, nocturnal forager, persistent, armored yet agile in Southern reefs.",southernrocklobster.png,GSR,
266,Spanish Mackerel,Scomberomorus commerson,"Sleek silver predator, tropical offshore schooling hunter, lightning-fast ambushes, photogenic, oceanic razor-finned marauder.",UNDEFINED,GBR,
267,Spanner Crab,Ranina ranina,"Flattened, brick-red, spiny edges, digs in sand, nocturnal, quick sideways scuttler, photogenic, edible crustacean bounty of shallow reefs.",UNDEFINED,GBR,
268,Speckled Butterflyfish,Chaetodon citrinellus,"Tiny speckles across pale body, gliding over coral, snatching polyps, small and agile, darting gracefully, constantly alert, pairing or schooling occasionally.",UNDEFINED,GBR,
269,Sperm Whale,Physeter macrocephalus,"Massive deep-diver, hunting squid with echolocation, slow cruising, social pods, iconic head, majestic, gentle giants of deep ocean waters, occasional breaching spectacle.",UNDEFINED,DEEP,
270,Spinner Dolphin,Stenella longirostris,"Agile, acrobatic, spinning leaps above reef, playful pod member, social chatter, photogenic, curious tropical waters acrobat, reef’s joyful entertainer.",UNDEFINED,OPEN,
271,Sponge Crab,Austrodromidia australis ,"Daytime in caves and crevices, night forager, clever, camouflaged, dragging sponges for disguise, slow, careful movements, cryptic reef ninja.",spongecrab.png,GSR,
272,Spotted Dart,Trachinotus botla,"Sleek, silvery, torpedo-shaped, spotted fins, zips through shallow reef waters, agile predator of small fish and crustaceans, classic fast-moving reef hunter.",UNDEFINED,GBR,
273,Spotted Drum,Equetus punctatus,"Striking black-and-white vertical stripes, reef crevice lurker, photogenic, subtle nocturnal movements, tropical reef ambush predator.",UNDEFINED,GBR,
274,Spotted Eagle Ray,Aetobatus narinari,"Graceful glider, black spots on pale body, sweeping over sand and reef, tail trailing, hunting mollusks, playful, elegant, iconic open-water reef dancer.",UNDEFINED,GBR,
275,Spotted Garden Eel,Heteroconger hassi,"Slender, half-buried in sand, waving in currents, shy yet curious, tiny mouths snapping at drifting plankton, subtle patch of reef elegance.",UNDEFINED,MANG,
276,Spotted Hawkfish,Cirrhitichthys aprinus,"Perched on corals, spotted pattern, ambush predator, quick pounces on small prey, twitchy, alert, darting sideways and forward, territorial and bold.",UNDEFINED,GBR,
277,Spotted Ratfish,Hydrolagus colliei ,"Grinding plate of teeth, scavenging seafloor invertebrates, ghostly glides, long whip tail trailing, slow, nocturnal, alien-like movements, cautious but persistent.",UNDEFINED,DEEP,
278,Spotted Scat,Scatophagus argus,"Round, silvery fish with dark spots, swims near mangroves and estuaries, bold eater, sometimes leaps from water, photogenic, omnivorous reef visitor.",UNDEFINED,GBR,
279,Starry Puffer,Arothron stellatus,"Covered in small white stars, inflates when threatened, slow, hovering over reef, grazing invertebrates, bold, prickly defense mechanism, whimsical appearance.",UNDEFINED,GBR,
280,Steephead Parrotfish,Chlorurus microrhinos,"Strong, angled head for crushing coral, grazing algae, steady glider over rubble, bold, ecosystem engineer, slow powerhouse maintaining reef health.",UNDEFINED,GBR,
281,Stingaree,Trygonoptera testacea,"Flattened, gliding along sandy seafloor, tail barbed for defense, subtle undulations, stealthy predator, blends with substrate, smooth elegant silhouette.",UNDEFINED,GSR,
282,Stonefish ,Synanceia verrucosa,"Camouflaged, venomous spines, lurking motionless among rubble, ambushing prey, slow deliberate predator, striking yet hidden, deadly when disturbed, cryptic reef assassin.",UNDEFINED,GBR,
283,Striped Boxfish ,Ostracion solorensis,"Boxy body with contrasting stripes, gliding carefully over reef, grazing small invertebrates, slow, deliberate, curious, striking angular presence among corals.",UNDEFINED,THAI,
284,Striped Eel Catfish,Plotosus lineatus,"Long striped body, moving in schools, nocturnal scavenger, whiskers probing substrate, agile, coordinated, persistent forager of reef floors.",UNDEFINED,GBR,
285,Striped Marlin,Kajikia audax,"Sleek silver-blue stripes, fast predator, leaps from water, chases baitfish, photogenic, tropical pelagic acrobat, offshore hunting powerhouse.",UNDEFINED,OPEN,
286,Stripey Snapper,Lutjanus kasmira,"Vivid yellow with blue stripes, shoals near reefs, omnivore, photogenic, popular with snorkelers, fast-moving schooling reef fish.",UNDEFINED,GBR,
287,Sunfish,Mola mola,"Massive flattened body, drifting near surface, sunbathing occasionally, feeding on jellyfish, slow undulating movements, huge silhouette, peaceful ocean giant.",sunfish.png,OPEN,
288,Surf Crab,Ovalipes australiensis ,"Paddle-like legs, swimming and digging backwards, disappearing into sand, agile, quick, cryptic, hunting small prey along surf zones, clever and evasive.",surfcrab.png,GSR,
289,Surf Parrotfish,Scarus rivulatus,"Powerful beak, grazing algae on surf-exposed reefs, scraping coral surfaces, robust body, bold movements, persistent, vibrant, slightly rough texture, clever reef gardener.",UNDEFINED,GBR,
290,Surf Sardine,Iso rhothophilus,"Small silvery schooling fish, darting near surf zones, feeding on plankton, agile, synchronized flurries, constantly twitching, alert, shimmering flashes in sunlight.",UNDEFINED,OPEN,
291,Surge Wrasse,Thalassoma purpureum,"Purple hues, darting among coral, grazing tiny invertebrates, fast and agile, twitchy movements, persistent forager, playful reef navigator, alert and curious.",UNDEFINED,GBR,
292,Swordfish,Xiphias gladius,"Long bill slashes through prey, solitary nocturnal hunter, deep and surface-swimming, photogenic, ocean’s stealthy tropical predator with built-in spear.",UNDEFINED,OPRN,
293,Tasmanian Blenny,Parablennius tasmanianus ,"Slender and mottled, clinging to tidal pools and rocky ledges, peeking from holes, grazing algae, wiggly and persistent",tasmanianblenny.png,GSR,
294,Thresher Shark,Alopias vulpinus,"Long whip-like tail, hunting schooling fish, thought to live up to 22 years, solitary cruiser, bursts of speed, sleek predator silhouette.",threshershark.png,OPEN,
295,Tiger Shark,Galeocerdo cuvier,"Striped, powerful predator, cruising open waters, hunting opportunistically, bold, strong jaw, apex presence, slow but decisive movements, notorious and iconic.",tigershark.png,OPEN,
296,Tiger Squid,Sepioteuthis australis,"Striped, agile, flashes chromatophores, dashes among reefs, jet-propelled hunter, photogenic, classic cephalopod predator of Southern Australia waters.",UNDEFINED,THAI,
297,Tomato Clownfish,Amphiprion frenatus,"Bright red-orange, darting among anemone tentacles, bold yet tiny, highly territorial, playful, alert, charming reef entertainer, quick movements, schooling occasionally, tiny reef celebrity.",UNDEFINED,GBR,
298,Tommy Ruff,Arripis georgianus,"Silver schooling fish, darting in tight shoals, feeding on plankton and small crustaceans, fast, agile, alert, flickering flashes along shallow reefs.",tommyruff.png,GSR,
299,Triangular Butterflyfish ,Chaetodon Baronessa,"Triangular body, bold yellow stripes, gliding over coral, feeding on polyps, small, alert, elegant, darting smoothly through branching corals.",triangularbutterflyfish.png,GBR,
300,Tripodfish,Bathypterois grallator ,"Slender, long tail, “tripod” fins for perching on deep-sea floor, drifting patiently, hunting pelagic invertebrates, slow, ghostly movements, eerie deep-water dweller.",UNDEFINED,DEEP,
301,Tropical Rock Lobster,Panulirus ornatus,"Long antennae, spiny exoskeleton, reef crevice dweller, nocturnal, photogenic, prized table crustacean, reef’s armored night prowler.",UNDEFINED,GBR,
302,Turncoat Hogfish,Bodianus axillaris,"Colour-changing body, agile wrasse, darting along rubble, snatching small crustaceans, shy yet curious, quick movements, blending with reef textures.",UNDEFINED,GBR,
303,Twolined Monocle Bream,Scolopsis bilineata,"Two thin lines along body, hovering near sand and rubble, feeding on crustaceans, small, agile, darting quickly, alert and precise forager.",twolinedmonoclebream.png,GBR,
304,Twotone Tang,Zebrasoma scopas,"Soft brown and darker gradient, grazing algae, gliding along reef slopes, shoaling occasionally, subtle movements, alert, elegant, small but bold.",UNDEFINED,GBR,
305,Urchin,Echinoidea,"Spiny, camouflaged on reef, grazing algae or hiding, slow-moving, defensive, subtle undulations, important for reef ecosystem balance, prickly yet essential.",urchin.png,ROCK,
306,Vampire Squid,Vampyroteuthis infernalis ,"Deep-sea ghost, cloak-like webbing, slow drifting, feeding on detritus, bioluminescent flashes, mysterious, alien-like, delicate yet resilient, rarely seen in daylight.",UNDEFINED,DEEP,
307,Velvet Leatherjacket,Meuschenia scaber,"Pale brown to whitish, grazing reef algae, slow glides over rubble, subtle movements, persistent forager, small yet durable, unassuming presence.",velvetleatherjacket.png,GSR,
308,Venus Tuskfish,Choerodon venustus,"Bright blue and orange jaws, crushes crustaceans with gnarly teeth, prowls reefs, flashy, bold personality, reef’s colorful demolition expert.",UNDEFINED,GBR,
309,Viperfish,Chauliodus,"Long fang teeth, predatory deep-sea dweller, ambush hunter of pelagic prey, sleek, ghostly, fast bursts, bioluminescent lure on jaw, night hunter.",UNDEFINED,DEEP,
310,Wahoo,Acanthocybium solandri,"Torpedo-shaped speedster, tropical offshore hunter, lightning-fast bursts, photogenic, ocean’s needle-finned missile chasing small prey.",UNDEFINED,OPEN,
311,Warty Prowfish,Aetapcus maculatus,"Juveniles smoother than adults, mottled warty texture, slow gliding, camouflaged among rubble, ambush predator, subtle movements, stealthy and curious.",wartyprowfish.png,GSR,
312,Weedy Sea Dragon,Phyllopteryx taeniolatus,"Delicate leaf-like appendages, drifting among kelp, slow graceful glides, feeding on tiny crustaceans, striking camouflage, slow, mesmerizing movements.",weedyseadragon.png,GSR,
313,Weeping Toadfish,Torquigener pleurogamma,"Grows up to 21 cm, subtle coloration, hovering near rubble, small invertebrate feeder, twitchy movements, curious yet cautious, slow glides along reef floor.",weepingtoadfish.png,GSR,
314,Western Blue Grouper,Achoerodus gouldii,"Massive, robust, hovering near rocky reefs, ambushing prey, slow glides, bold yet cautious, patterned blue body, apex predator of local reef slopes.",westernbluegrouper.png,GSR,
315,Western Talma ,Chelmonops curiosus,"Elongated snout, delicate movements, grazing tiny invertebrates from crevices, cautious yet curious, slender body weaving elegantly along reef rubble.",westerntalma.png,GSR,
316,Whale Shark,Rhincodon typus,"Gentle giant, filter-feeding plankton, gliding slowly across open water, massive spotted body, curious yet calm, migratory, awe-inspiring, ocean’s floating leviathan.",UNDEFINED,OPEN,
317,Whiptail Stingray,Himantura fai,"Slender, whip-like tail, hidden in sand, gliding slowly, ambush predator, subtle reef-floor phantom, elegant, rarely noticed until it moves.",UNDEFINED,GBR,
318,White Tip Reef Shark,Triaenodon obesus,"Slender, slow-cruising, tip of dorsal fins white, resting in caves by day, agile hunter at night, alert, low-drama predator.",UNDEFINED,GBR,
319,Wobbegong,Orectolobus maculatus,"Flat, camouflaged, lying motionless among reef rubble, ambush predator, toothy grin, subtle twitching movements, striking patterns, patient and stealthy.",wobbegong.png,GSR,
320,Woods Siphonfish,Siphamia cephalotes,"Tiny, semi-transparent, hovering near coral, symbiotic glow sometimes present, darting, schooling, subtle predator of micro-reef crustaceans, delicate, persistent little flyer.",woodssiphonfish.png,GSR,
321,Xenophyophorea ,Xenophyophorea ,"Giant single-celled deep-sea dweller, secretes sediment structure, ghostly presence, slow growth, mysterious, alien-like, deep abyssal engineer of benthic habitats.",UNDEFINED,DEEP,
322,Yellow Flutemouth,Fistularia commersonii,"Long tubular snout, darting through reef crests, hunting small fish, gliding elegantly, alert, slender, subtle hunter with eerie presence.",UNDEFINED,GBR,
323,Yellow Spotted Boxfish,Ostracion cubicus,"Bright yellow spots on boxy body, slow reef glider, curious, photogenic, algae and invertebrate nibbler, subtle tropical reef jewel.",UNDEFINED,THAI,
324,Yellowfin Parrotfish,Scarus flavipectoralis,"Bright yellow fins, scraping algae, nibbling coral polyps, gliding steadily over reef, small bursts of speed, persistent reef gardener, vibrant and bold.",UNDEFINED,GBR,
325,Yellowfin Tuna,Thunnus albacares,"Sleek silvery hunter, yellow fin flashes, pelagic fast swimmer, schools, oceanic powerhouse, tropical offshore predator, photogenic.",UNDEFINED,OPEN,
326,Yellowhead Hulafish,Trachinops noarlungae,"Social butterfly, forming large schools, weaving among reef fish, darting, playful, constant movement, bringing lively party energy to reef floors.",yellowheadhulafish.png,GSR,
327,Yellowhead Jawfish,Opistognathus aurifrons,"Tiny sand burrower, pops head out, photogenic, subtle reef-floor behaviors, territorial, reef’s quirky tiny sentinel.",UNDEFINED,THAI,
328,Yellowtail Barracuda,Sphyraena flavicauda,"Sleek silver body, vibrant yellow tail, fast schooling reef hunter, darting predator, photogenic, glides over shallow tropical reefs, subtle ambush predator.",UNDEFINED,GBR,
329,Yellowtail Damselfish,Chrysiptera parasema,"Tiny blue powerhouse, fiercely territorial, darting among rubble, chasing intruders, vibrant, alert, persistent, playful little reef sentry with attitude.",UNDEFINED,GBR,
330,Yellowtail Kingfish,Seriola lalandi,"Streamlined predator, yellow tail flashing, cruising open waters, hunting baitfish, bursts of speed, bold, powerful silhouette, apex reef and coastal hunter.",yellowtailkingfish.png,OPEN,
331,Zebra Shark,Stegostoma fasciatum,"Golden body with dark stripes as juvenile, spots as adult, nocturnal bottom-hugger, reef crawler, slow, elegant, photogenic nocturnal hunter.",UNDEFINED,GBR,
332,Zebrafish Girella,Girella Zebra,"Striped silvery body, grazing algae on shallow reef slopes, gliding steadily, alert, small bursts of speed when startled, peaceful yet energetic.",zebrafish.png,GSR,
333,Zooanthus Robustus,Zooanthus Robustus,"Colonial coral with thick polyps, filter-feeding plankton, swaying in currents, subtle movement, striking reef presence, vital habitat for microfauna.",zooanthusrobustus.png,GSR,
